Name;Year;Country;Category;Gender;Details
14th Dalai Lama;1989;Tibet;Peace;Man; born in Tibet
A. Michael Spence;2001;United States;Economics;Man;
Aage Bohr;1975;Denmark;Physics;Man;
Aaron Ciechanover;2004;Israel;Chemistry;Man;
Aaron Klug;1982;Lithuania;Chemistry;Man;
Aaron Klug;1982;South Africa;Chemistry;Man;
Aaron Klug;1982;United Kingdom;Chemistry;Man; born in Lithuania
Abdus Salam;1979;Pakistan;Physics;Man; As Pakistani citizen born in then British India,  now Pakistan
Abhijit Banerjee;2019;India;Economics;Man;
Abhijit Banerjee;2019;United States;Economics;Man; born in India
Abiy Ahmed Ali;2019;Ethiopia;Peace;Man;
Ada Yonath;2009;Israel;Chemistry;Woman;
Adam G. Riess;2011;United States;Physics;Man;
Adolf Butenandt;1939;Germany;Chemistry;Man;
Adolf Otto Reinhold Windaus;1928;Germany;Chemistry;Man;
Adolf von Baeyer;1905;Germany;Chemistry;Man;
Adolfo Pérez Esquivel;1980;Argentina;Peace;Man;
Ahmed H. Zewail;1999;United States;Chemistry;Man; born in Egypt
Ahmed Zewail;1999;Egypt;Chemistry;Man;
Akira Suzuki;2010;Japan;Chemistry;Man;
Akira Yoshino;2019;Japan;Chemistry;Man;
Al Gore;2007;United States;Peace;Man;
Alan Heeger;2000;United States;Chemistry;Man;
Alan Lloyd Hodgkin;1963;United Kingdom;Physiology or Medicine;Man;
Alan MacDiarmid;2000;New Zealand;Chemistry;Man;
Alan MacDiarmid;2000;United States;Chemistry;Man; born in New Zealand
Albert A. Michelson;1907;Poland;Physics;Man; born in Strelno,  North German Confederation (now in Poland)
Albert A. Michelson;1907;United States;Physics;Man; born in then Germany,  now Poland
Albert Camus;1957;France;Literature;Man; born in French Algeria
Albert Claude;1974;Belgium;Physiology or Medicine;Man;
Albert Einstein;1921;Germany;Physics;Man;
Albert Einstein;1921;Switzerland;Physics;Man; born in Germany
Albert Fert;2007;France;Physics;Man;
Albert Lutuli;1960;South Africa;Peace;Man; born in then Rhodesia,  now Zimbabwe
Albert Schweitzer;1952;France;Peace;Man; born in Alsace,  then in Germany
Albert Schweitzer;1952;Germany;Peace;Man;
Albert Szent-Györgyi;1937;Hungary;Physiology or Medicine;Man;
Albrecht Kossel;1910;Germany;Physiology or Medicine;Man;
Aleksandr Solzhenitsyn;1970;Russia and Soviet Union;Literature;Man;
Alexander Fleming;1945;United Kingdom;Physiology or Medicine;Man;
Alexander Prokhorov;1964;Russia and Soviet Union;Physics;Man; born in Australia
Alexander R. Todd;1957;United Kingdom;Chemistry;Man; Baron Todd
Alexei Alexeyevich Abrikosov;2003;Russia and Soviet Union;Physics;Man;
Alexei Alexeyevich Abrikosov;2003;United States;Physics;Man; born in Russia
Alexis Carrel;1912;France;Physiology or Medicine;Man;
Alfonso García Robles;1982;Mexico;Peace;Man;
Alfred G. Gilman;1994;United States;Physiology or Medicine;Man;
Alfred Hermann Fried;1911;Austria;Peace;Man;
Alfred Hershey;1969;United States;Physiology or Medicine;Man;
Alfred Kastler;1966;France;Physics;Man;
Alfred Werner;1913;France;Chemistry;Man;
Alfred Werner;1913;Switzerland;Chemistry;Man;
Alice Munro;2013;Canada;Literature;Woman;
Allan M. Cormack;1979;South Africa;Physiology or Medicine;Man;
Allan M. Cormack;1979;United States;Physiology or Medicine;Man; born in South Africa
Allvar Gullstrand;1911;Sweden;Physiology or Medicine;Man;
Alva Myrdal;1982;Sweden;Peace;Woman;
Alvin E. Roth;2012;United States;Economics;Man;
Amartya Sen;1998;India;Economics;Man;
American Friends Service Committee (The Quakers);1947;United States;Peace;Organization;
Amnesty International;1977;United Kingdom;Peace;Organization;
Anatole France;1921;France;Literature;Man;
André F. Cournand;1956;United States;Physiology or Medicine;Man; France
André Frédéric Cournand;1956;France;Physiology or Medicine;Man;
Andre Geim;2010;Netherlands;Physics;Man; born in Soviet Union,  now Russia
Andre Geim;2010;Russia and Soviet Union;Physics;Man;
André Gide;1947;France;Literature;Man;
André Lwoff;1965;France;Physiology or Medicine;Man;
Andrei Sakharov;1975;Russia and Soviet Union;Peace;Man;
Andrew Huxley;1963;United Kingdom;Physiology or Medicine;Man;
Andrew Schally;1977;Poland;Physiology or Medicine;Man; born in Wilno,  Poland (now Vilnius,  Lithuania)
Andrew Schally;1977;United States;Physiology or Medicine;Man; born in then Poland,  now Lithuania
Andrew Z. Fire;2006;United States;Physiology or Medicine;Man;
Angus Deaton;2015;United Kingdom;Economics;Man;
Angus Deaton;2015;United States;Economics;Man; born in United Kingdom
Anthony J. Leggett;2003;United Kingdom;Physics;Man;
Anthony J. Leggett;2003;United States;Physics;Man; born in United Kingdom
Antoine Henri Becquerel;1903;France;Physics;Man;
António Egas Moniz;1949;Portugal;Physiology or Medicine;Man;
Antony Hewish;1974;United Kingdom;Physics;Man;
Anwar Sadat;1978;Egypt;Peace;Man;
Archer John Porter Martin;1952;United Kingdom;Chemistry;Man;
Archibald Vivian Hill;1922;United Kingdom;Physiology or Medicine;Man;
Arieh Warshel;2013;Israel;Chemistry;Man;
Arieh Warshel;2013;United States;Chemistry;Man; born in Israel
Aristide Briand;1926;France;Peace;Man;
Arne Tiselius;1948;Sweden;Chemistry;Man;
Arno Penzias;1978;Germany;Physics;Man;
Arno Penzias;1978;United States;Physics;Man; born in Germany
Arthur Ashkin;2018;United States;Physics;Man;
Arthur B. McDonald;2015;Canada;Physics;Man;
Arthur H. Compton;1927;United States;Physics;Man;
Arthur Harden;1929;United Kingdom;Chemistry;Man;
Arthur Henderson;1934;United Kingdom;Peace;Man;
Arthur Kornberg;1959;United States;Physiology or Medicine;Man;
Arthur L. Schawlow;1981;United States;Physics;Man;
Artturi Ilmari Virtanen;1945;Finland;Chemistry;Man; born in the Grand Duchy of Finland,  a part of the Russian Empire in 1809–1917
Arvid Carlsson;2000;Sweden;Physiology or Medicine;Man;
August Krogh;1920;Denmark;Physiology or Medicine;Man;
Auguste Beernaert;1909;Belgium;Peace;Man;
Aung San Suu Kyi;1991;Myanmar (Burma);Peace;Woman;
Austen Chamberlain;1925;United Kingdom;Peace;Man;
Avram Hershko;2004;Hungary;Chemistry;Man; as an Israeli citizen
Avram Hershko;2004;Israel;Chemistry;Man; born in Hungary
Aziz Sancar;2015;Turkey;Chemistry;Man;
Aziz Sancar;2015;United States;Chemistry;Man; born in Turkey
Barack H. Obama;2009;United States;Peace;Man;
Barbara McClintock;1983;United States;Physiology or Medicine;Woman;
Barry Barish;2017;United States;Physics;Man;
Barry Marshall;2005;Australia;Physiology or Medicine;Man;
Baruch S. Blumberg;1976;United States;Physiology or Medicine;Man;
Baruj Benacerraf;1980;United States;Physiology or Medicine;Man; born in Venezuela
Baruj Benacerraf;1980;Venezuela;Physiology or Medicine;Man;
Ben Feringa;2016;Netherlands;Chemistry;Man;
Ben Roy Mottelson;1975;Denmark;Physics;Man; born in United States
Ben Roy Mottelson;1975;United States;Physics;Man;
Bengt I. Samuelsson;1982;Sweden;Physiology or Medicine;Man;
Bengt R. Holmström;2016;Finland;Economics;Man;
Bernard Katz;1970;Germany;Physiology or Medicine;Man;
Bernard Katz;1970;United Kingdom;Physiology or Medicine;Man; born in Germany
Bernardo Houssay;1947;Argentina;Physiology or Medicine;Man;
Bert Sakmann;1991;Germany;Physiology or Medicine;Man;
Bertha von Suttner;1905;Czech Republic;Peace;Woman;Born in the Austrian Empire, now Czech Republic
Bertil Ohlin;1977;Sweden;Economics;Man;
Bertram Brockhouse;1994;Canada;Physics;Man;
Bertrand Russell;1950;United Kingdom;Literature;Man;
Betty Williams;1976;Ireland;Peace;Woman;Born in North Ireland, part of the UK
Betty Williams;1976;United Kingdom;Peace;Woman;Born in North Ireland, part of the UK
Bjørnstjerne Bjørnson;1903;Norway;Literature;Man;
Bob Dylan;2016;United States;Literature;Man;
Boris Pasternak;1958;Russia and Soviet Union;Literature;Man;(forced to decline)
Brian David Josephson;1973;United Kingdom;Physics;Man;
Brian K. Kobilka;2012;United States;Chemistry;Man;
Brian P. Schmidt;2011;United States;Physics;Man;
Brian Schmidt;2011;Australia;Physics;Man; born in the United States
Bruce Beutler;2011;United States;Physiology or Medicine;Man;
Bruce Merrifield;1984;United States;Chemistry;Man;
Burton Richter;1976;United States;Physics;Man;
C. V. Raman;1930;India;Physics;Man;
Camillo Golgi;1906;Italy;Physiology or Medicine;Man;
Camilo José Cela;1989;Spain;Literature;Man;
Carl Anderson;1936;United States;Physics;Man;
Carl Bosch;1931;Germany;Chemistry;Man;
Carl E. Wieman;2001;United States;Physics;Man;
Carl Ferdinand Cori;1947;Czech Republic;Physiology or Medicine;Man; born in Prague,  Austria-Hungary,  now Czech Republic
Carl Ferdinand Cori;1947;United States;Physiology or Medicine;Man; born in Austria
Carl Gustaf Verner von Heidenstam;1916;Sweden;Literature;Man;
Carl Spitteler;1919;Switzerland;Literature;Man;
Carl von Ossietzky;1935;Germany;Peace;Man;
Carlo Rubbia;1984;Italy;Physics;Man;
Carlos Filipe Ximenes Belo;1996;East Timor;Peace;Man;
Carlos Filipe Ximenes Belo;1996;Portugal;Peace;Man; born in then Portuguese Timor,  now East Timor
Carlos Saavedra Lamas;1936;Argentina;Peace;Man;
Carol W. Greider;2009;United States;Physiology or Medicine;Woman;
Cecil Frank Powell;1950;United Kingdom;Physics;Man;
César Milstein;1984;Argentina;Physiology or Medicine;Man;
César Milstein;1984;United Kingdom;Physiology or Medicine;Man; born in Argentina
Charles Albert Gobat;1902;Switzerland;Peace;Man;
Charles B. Huggins;1966;Canada;Physiology or Medicine;Man;
Charles B. Huggins;1966;United States;Physiology or Medicine;Man; born in Canada
Charles Édouard Guillaume;1920;Switzerland;Physics;Man;
Charles G. Dawes;1925;United States;Peace;Man;
Charles Glover Barkla;1917;United Kingdom;Physics;Man;
Charles H. Townes;1964;United States;Physics;Man;
Charles J. Pedersen;1987;United States;Chemistry;Man; born in Korea
Charles K. Kao;2009;China, Republic of;Physics;Man;
Charles K. Kao;2009;Hong Kong;Physics;Man;
Charles K. Kao;2009;United Kingdom;Physics;Man;
Charles K. Kao;2009;United States;Physics;Man; born in China
Charles Louis Alphonse Laveran;1907;France;Physiology or Medicine;Man;
Charles Nicolle;1928;France;Physiology or Medicine;Man;
Charles Richet;1913;France;Physiology or Medicine;Man;
Charles Scott Sherrington;1932;United Kingdom;Physiology or Medicine;Man;
Charles Thomson Rees Wilson;1927;United Kingdom;Physics;Man;
Chen Ning Yang;1957;United States;Physics;Man; born in China
Chen-Ning Yang;1957;China, Republic of;Physics;Man;
Christiaan Eijkman;1929;Netherlands;Physiology or Medicine;Man;
Christian Anfinsen;1972;United States;Chemistry;Man;
Christian de Duve;1974;Belgium;Physiology or Medicine;Man; born in the United Kingdom
Christian de Duve;1974;United Kingdom;Physiology or Medicine;Man;
Christian Lous Lange;1921;Norway;Peace;Man;
Christiane Nüsslein-Volhard;1995;Germany;Physiology or Medicine;Woman;
Christopher A. Pissarides;2010;Cyprus;Economics;Man;
Christopher A. Pissarides;2010;United Kingdom;Economics;Man; born in Cyprus
Christopher A. Sims;2011;United States;Economics;Man;
Claude Cohen-Tannoudji;1997;France;Physics;Man; born in French Algeria
Claude Simon;1985;France;Literature;Man;
Clifford G. Shull;1994;United States;Physics;Man;
Clinton Davisson;1937;United States;Physics;Man;
Clive W. J. Granger;2003;United Kingdom;Economics;Man;
Cordell Hull;1945;United States;Peace;Man;
Corneille Heymans;1938;Belgium;Physiology or Medicine;Man;
Craig C. Mello;2006;United States;Physiology or Medicine;Man;
Cyril Norman Hinshelwood;1956;United Kingdom;Chemistry;Man;
Czesław Miłosz;1980;Lithuania;Literature;Man;
Czesław Miłosz;1980;Poland;Literature;Man; born in Russian Empire,  now Lithuania
Czesław Miłosz;1980;United States;Literature;Man; born in then Russian Empire,  now Lithuania
Dag Hammarskjöld;1961;Sweden;Peace;Man;(posthumously)
Dale T. Mortensen;2010;United States;Economics;Man;
Dan Shechtman;2011;Israel;Chemistry;Man;
Daniel Bovet;1957;Italy;Physiology or Medicine;Man; born in Switzerland
Daniel Bovet;1957;Switzerland;Physiology or Medicine;Man;
Daniel C. Tsui;1998;China, People's Republic of;Physics;Man;
Daniel C. Tsui;1998;United States;Physics;Man; born in China
Daniel Carleton Gajdusek;1976;United States;Physiology or Medicine;Man;
Daniel Kahneman;2002;Israel;Economics;Man;
Daniel Kahneman;2002;United States;Economics;Man; born in Israel
Daniel L. McFadden;2000;United States;Economics;Man;
Daniel Nathans;1978;United States;Physiology or Medicine;Man;
Dario Fo;1997;Italy;Literature;Man;
David Baltimore;1975;United States;Physiology or Medicine;Man;
David H. Hubel;1981;Canada;Physiology or Medicine;Man;
David H. Hubel;1981;United States;Physiology or Medicine;Man; born in Canada
David J. Gross;2004;United States;Physics;Man;
David J. Thouless;2016;United Kingdom;Physics;Man;
David J. Wineland;2012;United States;Physics;Man;
David M. Lee;1996;United States;Physics;Man;
David Trimble;1998;Ireland;Peace;Man;
David Trimble;1998;United Kingdom;Peace;Man;
Denis Mukwege;2018;Congo, Democratic Republic;Peace;Man;
Dennis Gabor;1971;Hungary;Physics;Man;
Dennis Gabor;1971;United Kingdom;Physics;Man; born in Hungary
Derek Harold Richard Barton;1969;United Kingdom;Chemistry;Man;
Derek Walcott;1992;Saint Lucia;Literature;Man;
Desmond Tutu;1984;South Africa;Peace;Man;
Dickinson W. Richards;1956;United States;Physiology or Medicine;Man;
Didier Queloz;2019;Switzerland;Physics;Man;
Dominique Pire;1958;Belgium;Peace;Man;
Donald A. Glaser;1960;United States;Physics;Man;
Donald J. Cram;1987;United States;Chemistry;Man;
Donna Strickland;2018;Canada;Physics;Woman;
Doris Lessing;2007;Iran;Literature;Woman;Born in Iran, worked in the UK
Doris Lessing;2007;United Kingdom;Literature;Woman;Born in Iran, worked in the UK
Dorothy Hodgkin;1964;United Kingdom;Chemistry;Woman;
Douglas D. Osheroff;1996;United States;Physics;Man;
Douglass C. North;1993;United States;Economics;Man;
Dudley R. Herschbach;1986;United States;Chemistry;Man;
E. Donnall Thomas;1990;United States;Physiology or Medicine;Man;
E. M. Purcell;1952;United States;Physics;Man;
Earl W. Sutherland Jr.;1971;United States;Physiology or Medicine;Man;
Edgar Adrian;1932;United Kingdom;Physiology or Medicine;Man; 1st Baron Adrian
Edmond H. Fischer;1992;United States;Physiology or Medicine;Man; born in China
Edmond H. Fischer;1992;Switzerland;Physiology or Medicine;Man;
Edmund S. Phelps;2006;United States;Economics;Man;
Eduard Buchner;1907;Germany;Chemistry;Man;
Edvard Moser;2014;Norway;Physiology or Medicine;Man;
Edward A. Doisy;1943;United States;Physiology or Medicine;Man;
Edward B. Lewis;1995;United States;Physiology or Medicine;Man;
Edward C. Kendall;1950;United States;Physiology or Medicine;Man;
Edward C. Prescott;2004;United States;Economics;Man;
Edward Tatum;1958;United States;Physiology or Medicine;Man;
Edward Victor Appleton;1947;United Kingdom;Physics;Man;
Edwin G. Krebs;1992;United States;Physiology or Medicine;Man;
Edwin M. McMillan;1951;United States;Chemistry;Man;
Ei-ichi Negishi;2010;Japan;Chemistry;Man; Born in China
Ei-ichi Negishi;2010;United States;Chemistry;Man; Japanese citizenship
Eisaku Satō;1974;Japan;Peace;Man;
Elfriede Jelinek;2004;Austria;Literature;Woman;
Elias Canetti;1981;Bulgaria;Literature;Man;
Elias Canetti;1981;United Kingdom;Literature;Man; born in Bulgaria
Elias James Corey;1990;United States;Chemistry;Man;
Élie Ducommun;1902;Switzerland;Peace;Man;
Élie Metchnikoff;1908;Russia and Soviet Union;Physiology or Medicine;Man; born in now Ukraine
Elie Wiesel;1986;Romania;Peace;Man;
Elie Wiesel;1986;United States;Peace;Man; born in Romania
Elihu Root;1912;United States;Peace;Man;
Elinor Ostrom;2009;United States;Economics;Woman;
Elizabeth Blackburn;2009;Australia;Physiology or Medicine;Woman;Born in Australia, worked in the US
Elizabeth Blackburn;2009;United States;Physiology or Medicine;Woman;Born in Australia, worked in the US
Ellen Johnson Sirleaf;2011;Liberia;Peace;Woman;
Emil Adolf von Behring;1901;Germany;Physiology or Medicine;Man;
Emilio Segrè;1959;Italy;Physics;Man;
Emilio Segrè;1959;United States;Physics;Man; born in Italy
Emily Greene Balch;1946;United States;Peace;Woman;
Enrico Fermi;1938;Italy;Physics;Man;
Eric A. Cornell;2001;United States;Physics;Man;
Eric Betzig;2014;United States;Chemistry;Man;
Eric F. Wieschaus;1995;United States;Physiology or Medicine;Man;
Eric Kandel;2000;Austria;Physiology or Medicine;Man;
Eric Kandel;2000;United States;Physiology or Medicine;Man; born in Austria
Eric S. Maskin;2007;United States;Economics;Man;
Erik Axel Karlfeldt;1931;Sweden;Literature;Man;(posthumously)
Ernest Hemingway;1954;United States;Literature;Man;
Ernest Lawrence;1939;United States;Physics;Man;
Ernest Rutherford;1908;New Zealand;Chemistry;Man;
Ernest Rutherford;1908;United Kingdom;Chemistry;Man; born in New Zealand
Ernest Rutherford;1908;Canada;Chemistry;Man; born in New Zealand
Ernest Walton;1951;Ireland;Physics;Man;
Ernesto Teodoro Moneta;1907;Italy;Peace;Man;
Ernst Boris Chain;1945;Germany;Physiology or Medicine;Man;
Ernst Boris Chain;1945;United Kingdom;Physiology or Medicine;Man; born in Germany
Ernst Otto Fischer;1973;Germany;Chemistry;Man;
Ernst Ruska;1986;Germany;Physics;Man;
Erwin Neher;1991;Germany;Physiology or Medicine;Man;
Erwin Schrödinger;1933;Austria;Physics;Man;
Esther Duflo;2019;France;Economics;Woman;Born in France, worked in the US
Esther Duflo;2019;United States;Economics;Woman;Born in France, worked in the US
Eugene F. Fama;2013;United States;Economics;Man;
Eugene O'Neill;1936;United States;Literature;Man;
Eugene Wigner;1963;Hungary;Physics;Man;
Eugene Wigner;1963;United States;Physics;Man; born in Hungary
Eugenio Montale;1975;Italy;Literature;Man;
Eyvind Johnson;1974;Sweden;Literature;Man;
F. Duncan M. Haldane;2016;United Kingdom;Physics;Man;
F. Duncan M. Haldane;2016;United States;Physics;Man; born in United Kingdom
F. Sherwood Rowland;1995;United States;Chemistry;Man;
F. W. de Klerk;1993;South Africa;Peace;Man;
Felix Bloch;1952;Switzerland;Physics;Man;
Felix Bloch;1952;United States;Physics;Man; born in Switzerland
Feodor Felix Konrad Lynen;1964;Germany;Physiology or Medicine;Man;
Ferdinand Buisson;1927;France;Peace;Man;
Ferid Murad;1998;United States;Physiology or Medicine;Man;
Finn E. Kydland;2004;Norway;Economics;Man;
Frances H. Arnold;2018;United States;Chemistry;Woman;
Francis Crick;1962;United Kingdom;Physiology or Medicine;Man;
Francis Peyton Rous;1966;United States;Physiology or Medicine;Man;
Francis William Aston;1922;United Kingdom;Chemistry;Man;
Franco Modigliani;1985;Italy;Economics;Man;
Franco Modigliani;1985;United States;Economics;Man; born in Italy
François Englert;2013;Belgium;Physics;Man;
François Jacob;1965;France;Physiology or Medicine;Man;
François Mauriac;1952;France;Literature;Man;
Françoise Barré-Sinoussi;2008;France;Physiology or Medicine;Woman;
Frank B. Kellogg;1929;United States;Peace;Man;
Frank Wilczek;2004;United States;Physics;Man;
Frans Eemil Sillanpää;1939;Finland;Literature;Man; born in the Grand Duchy of Finland,  a part of the Russian Empire in 1809–1917
Fraser Stoddart;2016;United Kingdom;Chemistry;Man;
Fraser Stoddart;2016;United States;Chemistry;Man; born in United Kingdom
Frédéric Joliot-Curie;1935;France;Chemistry;Man;
Frédéric Mistral;1904;France;Literature;Man;
Frédéric Passy;1901;France;Peace;Man;
Frederick C. Robbins;1954;United States;Physiology or Medicine;Man;
Frederick G. Banting;1923;Canada;Physiology or Medicine;Man;
Frederick Hopkins;1929;United Kingdom;Physiology or Medicine;Man;
Frederick Reines;1995;United States;Physics;Man;
Frederick Sanger;1958;United Kingdom;Chemistry;Man;
Frederick Sanger;1980;United Kingdom;Chemistry;Man;
Frederick Soddy;1921;United Kingdom;Chemistry;Man;
Fredrik Bajer;1908;Denmark;Peace;Man;
Friderik Pregl;1923;Slovenia;Chemistry;Man; born in Austria-Hungary,  now Slovenia
Fridtjof Nansen;1922;Norway;Peace;Man;
Friedrich Bergius;1931;Germany;Chemistry;Man;
Friedrich Hayek;1974;Austria;Economics;Man;
Friedrich Hayek;1974;United Kingdom;Economics;Man; born in Austria
Friends Service Council;1947;United Kingdom;Peace;Organization;
Frits Zernike;1953;Netherlands;Physics;Man;
Fritz Albert Lipmann;1953;Germany;Physiology or Medicine;Man;
Fritz Albert Lipmann;1953;United States;Physiology or Medicine;Man; born in then Germany,  now Russia
Fritz Haber;1918;Germany;Chemistry;Man;
Fritz Pregl;1923;Austria;Chemistry;Man; born in Austria-Hungary,  now Slovenia
Gabriel García Márquez;1982;Colombia;Literature;Man;
Gabriel Lippmann;1908;France;Physics;Man; born in Luxembourg
Gabriel Lippmann;1908;Luxembourg;Physics;Man;
Gabriela Mistral;1945;Chile;Literature;Woman;
Gao Xingjian;2000;China, People's Republic of;Literature;Man;
Gao Xingjian;2000;France;Literature;Man; born in China
Gary S. Becker;1992;United States;Economics;Man;
Geoffrey Wilkinson;1973;United Kingdom;Chemistry;Man;
Georg von Békésy;1961;Hungary;Physiology or Medicine;Man;
Georg von Békésy;1961;United States;Physiology or Medicine;Man; born in Hungary
Georg Wittig;1979;Germany;Chemistry;Man;
George A. Akerlof;2001;United States;Economics;Man;
George Andrew Olah;1994;Hungary;Chemistry;Man;
George Andrew Olah;1994;United States;Chemistry;Man; born in Hungary
George Beadle;1958;United States;Physiology or Medicine;Man;
George Bernard Shaw;1925;Ireland;Literature;Man;
George Bernard Shaw;1925;United Kingdom;Literature;Man; born in Ireland
George C. Marshall;1953;United States;Peace;Man;
George D. Snell;1980;United States;Physiology or Medicine;Man;
George de Hevesy;1943;Hungary;Chemistry;Man;
George E. Palade;1974;Romania;Physiology or Medicine;Man;
George E. Palade;1974;United States;Physiology or Medicine;Man; born in Romania
George E. Smith;2009;United States;Physics;Man;
George F. Smoot;2006;United States;Physics;Man;
George H. Hitchings;1988;United States;Physiology or Medicine;Man;
George H. Whipple;1934;United States;Physiology or Medicine;Man;
George J. Stigler;1982;United States;Economics;Man;
George P. Smith;2018;United States;Chemistry;Man;
George Paget Thomson;1937;United Kingdom;Physics;Man;
George Porter;1967;United Kingdom;Chemistry;Man;
George R. Minot;1934;United States;Physiology or Medicine;Man;
George Wald;1967;United States;Physiology or Medicine;Man;
Georges Charpak;1992;France;Physics;Man; born in then Poland (Second Polish Republic),  now Ukraine
Georges Charpak;1992;Poland;Physics;Man; born in Dąbrowica Poland (now in Ukraine)
Georges Charpak;1992;Ukraine;Physics;Man;
Georges J. F. Köhler;1984;Switzerland;Physiology or Medicine;Man; born in Germany (worked in Switzerland for 1976 to 1984)
Georges J. F. Köhler;1984;Germany;Physiology or Medicine;Man;
Gerald Edelman;1972;United States;Physiology or Medicine;Man;
Gérard Debreu;1983;France;Economics;Man;
Gérard Debreu;1983;United States;Economics;Man; born in France
Gérard Mourou;2018;France;Physics;Man;
Gerard 't Hooft;1999;Netherlands;Physics;Man;
Gerd Binnig;1986;Germany;Physics;Man;
Gerhard Domagk;1939;Germany;Physiology or Medicine;Man;
Gerhard Ertl;2007;Germany;Chemistry;Man;
Gerhard Herzberg;1971;Canada;Chemistry;Man; born in Germany
Gerhard Herzberg;1971;Germany;Chemistry;Man;
Gerhart Hauptmann;1912;Germany;Literature;Man; born in Prussia,  now Poland
Gertrude B. Elion;1988;United States;Physiology or Medicine;Woman;
Gerty Cori;1947;Czech Republic;Physiology or Medicine;Woman;Born in the Austrian Empire (now Czech Republic), worked in the US
Gerty Cori;1947;United States;Physiology or Medicine;Woman;Born in the Austrian Empire (now Czech Republic), worked in the US
Giorgos Seferis;1963;Greece;Literature;Man;
Giosuè Carducci;1906;Italy;Literature;Man;
Giulio Natta;1963;Italy;Chemistry;Man;
Glenn Theodore Seaborg;1951;United States;Chemistry;Man;
Godfrey Hounsfield;1979;United Kingdom;Physiology or Medicine;Man;
Grameen Bank;2006;Bangladesh;Peace;Organization;
Grazia Deledda;1926;Italy;Literature;Woman;
Greg Winter;2018;United Kingdom;Chemistry;Man;
Gregg L. Semenza;2019;United States;Physiology or Medicine;Man;
Guglielmo Marconi;1909;Italy;Physics;Man;
Gunnar Myrdal;1974;Sweden;Economics;Man;
Günter Blobel;1999;Germany;Physiology or Medicine;Man;
Günter Blobel;1999;United States;Physiology or Medicine;Man; born in then Germany,  now Poland
Günter Grass;1999;Germany;Literature;Man; born in Free City of Danzig,  now Poland
Gustaf Dalén;1912;Sweden;Physics;Man;
Gustav Ludwig Hertz;1925;Germany;Physics;Man;
Gustav Stresemann;1926;Germany;Peace;Man;
H. David Politzer;2004;United States;Physics;Man;
H. Robert Horvitz;2002;United States;Physiology or Medicine;Man;
Haldan Keffer Hartline;1967;United States;Physiology or Medicine;Man;
Halldór Laxness;1955;Iceland;Literature;Man;
Hamilton O. Smith;1978;United States;Physiology or Medicine;Man;
Hannes Alfvén;1970;Sweden;Physics;Man;
Hans Adolf Krebs;1953;Germany;Physiology or Medicine;Man;
Hans Adolf Krebs;1953;United Kingdom;Physiology or Medicine;Man; born in Germany
Hans Bethe;1967;Germany;Physics;Man;
Hans Bethe;1967;United States;Physics;Man; born in then Germany,  now France
Hans Fischer;1930;Germany;Chemistry;Man;
Hans G. Dehmelt;1989;Germany;Physics;Man;
Hans G. Dehmelt;1989;United States;Physics;Man; born in Germany
Hans Spemann;1935;Germany;Physiology or Medicine;Man;
Hans von Euler-Chelpin;1929;Germany;Chemistry;Man;
Hans von Euler-Chelpin;1929;Sweden;Chemistry;Man; born in Germany
Har Gobind Khorana;1968;India;Physiology or Medicine;Man;
Har Gobind Khorana;1968;United States;Physiology or Medicine;Man; born in India
Harald zur Hausen;2008;Germany;Physiology or Medicine;Man;
Harold C. Urey;1934;United States;Chemistry;Man;
Harold E. Varmus;1989;United States;Physiology or Medicine;Man;
Harold Kroto;1996;United Kingdom;Chemistry;Man;
Harold Pinter;2005;United Kingdom;Literature;Man;
Harry M. Markowitz;1990;United States;Economics;Man;
Harry Martinson;1974;Sweden;Literature;Man;
Hartmut Michel;1988;Germany;Chemistry;Man;
Heike Kamerlingh Onnes;1913;Netherlands;Physics;Man;
Heinrich Böll;1972;Germany;Literature;Man;
Heinrich Otto Wieland;1927;Germany;Chemistry;Man;
Heinrich Rohrer;1986;Switzerland;Physics;Man;
Hendrik Lorentz;1902;Netherlands;Physics;Man;
Henri Bergson;1927;France;Literature;Man;
Henri La Fontaine;1913;Belgium;Peace;Man;
Henri Moissan;1906;France;Chemistry;Man;
Henrik Dam;1943;Denmark;Physiology or Medicine;Man;
Henrik Pontoppidan;1917;Denmark;Literature;Man;
Henry Dunant;1901;Switzerland;Peace;Man;
Henry Hallett Dale;1936;United Kingdom;Physiology or Medicine;Man;
Henry Kissinger;1973;United States;Peace;Man; born in Germany
Henry Kissinger;1978;Germany;Peace;Man;
Henry Taube;1983;Canada;Chemistry;Man;
Henry Taube;1983;United States;Chemistry;Man; born in Canada
Henry W. Kendall;1990;United States;Physics;Man;
Henryk Sienkiewicz;1905;Poland;Literature;Man; born in Congress Poland (Russian Empire)
Henryk Sienkiewicz;1905;Russia and Soviet Union;Literature;Man; born in Congress Poland (Russian Empire)
Herbert A. Hauptman;1985;United States;Chemistry;Man;
Herbert A. Simon;1978;United States;Economics;Man;
Herbert C. Brown;1979;United States;Chemistry;Man; born in the United Kingdom
Herbert Kroemer;2000;Germany;Physics;Man;
Herbert S. Gasser;1944;United States;Physiology or Medicine;Man;
Hermann Emil Fischer;1902;Germany;Chemistry;Man;
Hermann Hesse;1946;Germany;Literature;Man;
Hermann Hesse;1946;Switzerland;Literature;Man; born in Germany
Hermann J. Muller;1946;United States;Physiology or Medicine;Man;
Hermann Staudinger;1953;Germany;Chemistry;Man;
Herta Müller;2009;Germany;Literature;Woman;Born in Romania, worked in Germany
Herta Müller;2009;Romania;Literature;Woman;Born in Romania, worked in Germany
Hideki Shirakawa;2000;Japan;Chemistry;Man;
Hideki Yukawa;1949;Japan;Physics;Man;
Hiroshi Amano;2014;Japan;Physics;Man;
Hjalmar Branting;1921;Sweden;Peace;Man;
Horst L. Störmer;1998;Germany;Physics;Man;
Horst Ludwig Störmer;1998;United States;Physics;Man; born in Germany
Howard Florey;1945;Australia;Physiology or Medicine;Man;
Howard Martin Temin;1975;United States;Physiology or Medicine;Man;
Hugo Theorell;1955;Sweden;Physiology or Medicine;Man;
Igor Tamm;1958;Russia and Soviet Union;Physics;Man;
Ilya Ilyich Mechnikov;1908;Ukraine;Physiology or Medicine;Man;
Ilya Mikhailovich Frank;1958;Russia and Soviet Union;Physics;Man;
Ilya Prigogine;1977;Belgium;Chemistry;Man; born in Russia
Ilya Prigogine;1977;Russia and Soviet Union;Chemistry;Man;
Imre Kertész;2002;Hungary;Literature;Man;
Institut de Droit International;1904;Belgium;Peace;Organization;
International Atomic Energy Agency;2005;Austria;Peace;Organization;
Irène Joliot-Curie;1935;France;Chemistry;Woman;
Irving Langmuir;1932;United States;Chemistry;Man;
Irwin Rose;2004;United States;Chemistry;Man;
Isaac Bashevis Singer;1978;Poland;Literature;Man; born in Congress Poland (Russian Empire)
Isaac Bashevis Singer;1978;United States;Literature;Man; born in then Russian Empire,  now Poland
Isamu Akasaki;2014;Japan;Physics;Man;
Isidor Isaac Rabi;1944;Poland;Physics;Man; born in Rymanów,  Austria-Hungary (now in Poland)
Isidor Isaac Rabi;1944;United States;Physics;Man; born in Austria
Ivan Bunin;1933;France;Literature;Man; born in Russia
Ivan Bunin;1933;Russia and Soviet Union;Literature;Man;
Ivan Pavlov;1904;Russia and Soviet Union;Physiology or Medicine;Man;
Ivar Giaever;1973;Norway;Physics;Man;
Ivar Giaever;1973;United States;Physics;Man; Norway
Ivo Andrić;1961;Bosnia and Herzegovina;Literature;Man; Ethnic Croat and national born in Condominium of Bosnia and Herzegovina,  Austro-Hungarian Empire (now Bosnia and Herzegovina)
J. Georg Bednorz;1987;Germany;Physics;Man;
J. Hans D. Jensen;1963;Germany;Physics;Man;
J. J. Thomson;1906;United Kingdom;Physics;Man;
J. M. Coetzee;2003;South Africa;Literature;Man;
J. M. G. Le Clézio;2008;France;Literature;Man;
J. Michael Bishop;1989;United States;Physiology or Medicine;Man;
J. Robin Warren;2005;Australia;Physiology or Medicine;Man;
Jacinto Benavente;1922;Spain;Literature;Man;
Jack Kilby;2000;United States;Physics;Man;
Jack Steinberger;1988;Germany;Physics;Man;
Jack Steinberger;1988;United States;Physics;Man; born in Germany
Jack W. Szostak;2009;Canada;Physiology or Medicine;Man; born in the United Kingdom
Jack W. Szostak;2009;United States;Physiology or Medicine;Man; born in United Kingdom
Jacobus Henricus van 't Hoff;1901;Netherlands;Chemistry;Man;
Jacques Dubochet;2017;Switzerland;Chemistry;Man;
Jacques Monod;1965;France;Physiology or Medicine;Man;
James A. Mirrlees;1996;United Kingdom;Economics;Man;
James Allison;2018;United States;Physiology or Medicine;Man;
James B. Sumner;1946;United States;Chemistry;Man;
James Chadwick;1935;United Kingdom;Physics;Man;
James Cronin;1980;United States;Physics;Man;
James D. Watson;1962;United States;Physiology or Medicine;Man;
James Franck;1925;Germany;Physics;Man;
James J. Heckman;2000;United States;Economics;Man;
James M. Buchanan;1986;United States;Economics;Man;
James Meade;1977;United Kingdom;Economics;Man;
James Rainwater;1975;United States;Physics;Man;
James Rothman;2013;United States;Physiology or Medicine;Man;
James Tobin;1981;United States;Economics;Man;
James W. Black;1988;United Kingdom;Physiology or Medicine;Man;
Jan Tinbergen;1969;Netherlands;Economics;Man;
Jane Addams;1931;United States;Peace;Woman;
Jaroslav Heyrovský;1959;Czech Republic;Chemistry;Man; born in Prague,  Austria-Hungary,  now Czech Republic
Jaroslav Seifert;1984;Czech Republic;Literature;Man; born in Prague,  Austria-Hungary,  now Czech Republic
Jean Baptiste Perrin;1926;France;Physics;Man;
Jean Dausset;1980;France;Physiology or Medicine;Man;
Jean Tirole;2014;France;Economics;Man;
Jean-Marie Lehn;1987;France;Chemistry;Man;
Jean-Paul Sartre;1964;France;Literature;Man;(declined the prize)
Jean-Pierre Sauvage;2016;France;Chemistry;Man;
Jeffrey C. Hall;2017;United States;Physiology or Medicine;Man;
Jens Christian Skou;1997;Denmark;Chemistry;Man;
Jerome I. Friedman;1990;United States;Physics;Man;
Jerome Karle;1985;United States;Chemistry;Man;
Jim Peebles;2019;Canada;Physics;Man;
Jim Peebles;2019;United States;Physics;Man; born in Canada
Jimmy Carter;2002;United States;Peace;Man;
Joachim Frank;2017;Germany;Chemistry;Man;
Joachim Frank;2017;United States;Chemistry;Man; born in Germany
Jody Williams;1997;United States;Peace;Woman;
Johann Deisenhofer;1988;Germany;Chemistry;Man;
Johannes Diderik van der Waals;1910;Netherlands;Physics;Man;
Johannes Fibiger;1926;Denmark;Physiology or Medicine;Man;
Johannes Stark;1919;Germany;Physics;Man;
Johannes V. Jensen;1944;Denmark;Literature;Man;
John B. Goodenough;2019;United States;Chemistry;Man; born in Germany
John B. Gurdon;2012;United Kingdom;Physiology or Medicine;Man;
John Bardeen;1956;United States;Physics;Man;
John Bardeen;1972;United States;Physics;Man;
John Bennett Fenn;2002;United States;Chemistry;Man;
John Boyd Orr;1949;United Kingdom;Peace;Man;
John C. Mather;2006;United States;Physics;Man;
John Carew Eccles;1963;Australia;Physiology or Medicine;Man;
John Cockcroft;1951;United Kingdom;Physics;Man;
John Cornforth;1975;Australia;Chemistry;Man;
John Cornforth;1975;United Kingdom;Chemistry;Man; born in Australia
John E. Sulston;2002;United Kingdom;Physiology or Medicine;Man;
John E. Walker;1997;United Kingdom;Chemistry;Man;
John F. Enders;1954;United States;Physiology or Medicine;Man;
John Forbes Nash;1994;United States;Economics;Man;
John Galsworthy;1932;United Kingdom;Literature;Man;
John H. Northrop;1946;United States;Chemistry;Man;
John H. van Vleck;1977;United States;Physics;Man;
John Harsanyi;1994;Hungary;Economics;Man;
John Harsanyi;1994;United States;Economics;Man; born in Hungary
John Hicks;1972;United Kingdom;Economics;Man;
John Hume;1998;Ireland;Peace;Man;
John James Rickard Macleod;1923;Canada;Physiology or Medicine;Man; born in the United Kingdom of Great Britain and Ireland
John James Rickard Macleod;1923;United Kingdom;Physiology or Medicine;Man;
John Kendrew;1962;United Kingdom;Chemistry;Man;
John L. Hall;2005;United States;Physics;Man;
John M. Kosterlitz;2016;United Kingdom;Physics;Man;
John M. Kosterlitz;2016;United States;Physics;Man; born in United Kingdom
John O'Keefe;2014;United Kingdom;Physiology or Medicine;Man; born in the United States
John O'Keefe;2014;United States;Physiology or Medicine;Man;
John Polanyi;1986;Canada;Chemistry;Man; born in Germany
John Polanyi;1986;Germany;Chemistry;Man;
John Polanyi;1986;Hungary;Chemistry;Man; born in Germany
John Pople;1998;United Kingdom;Chemistry;Man;
John R. Mott;1946;United States;Peace;Man;
John Robert Vane;1982;United Kingdom;Physiology or Medicine;Man;
John Steinbeck;1962;United States;Literature;Man;
John Strutt;1904;United Kingdom;Physics;Man; 3rd Baron Rayleigh
José de Sousa Saramago;1998;Portugal;Literature;Man;
José Echegaray;1904;Spain;Literature;Man;
José Ramos-Horta;1996;East Timor;Peace;Man;
José Ramos-Horta;1996;Portugal;Peace;Man; born in then Portuguese Timor,  now East Timor
Joseph Brodsky;1987;Russia and Soviet Union;Literature;Man; born in Russia
Joseph Brodsky;1987;United States;Literature;Man; born in Russia
Joseph E. Murray;1990;United States;Physiology or Medicine;Man;
Joseph E. Stiglitz;2001;United States;Economics;Man;
Joseph Erlanger;1944;United States;Physiology or Medicine;Man;
Joseph H. Taylor Jr.;1993;United States;Physics;Man;
Joseph L. Goldstein;1985;United States;Physiology or Medicine;Man;
Joseph Rotblat;1995;Poland;Peace;Man; born in Congress Poland (Russian Empire)
Joseph Rotblat;1995;United Kingdom;Peace;Man; born in then Russian Empire,  now Poland
Joshua Lederberg;1958;United States;Physiology or Medicine;Man;
Juan Manuel Santos Calderón;2016;Colombia;Peace;Man;
Juan Ramón Jiménez;1956;Spain;Literature;Man;
Jules A. Hoffmann;2011;France;Physiology or Medicine;Man; born in Luxembourg
Jules A. Hoffmann;2011;Luxembourg;Physiology or Medicine;Man;
Jules Bordet;1919;Belgium;Physiology or Medicine;Man;
Julian Schwinger;1965;United States;Physics;Man;
Julius Axelrod;1970;United States;Physiology or Medicine;Man;
Julius Wagner-Jauregg;1927;Austria;Physiology or Medicine;Man;
K. Barry Sharpless;2001;United States;Chemistry;Man;
Kai Siegbahn;1981;Sweden;Physics;Man;
Kailash Satyarthi;2014;India;Peace;Man;
Karl Adolph Gjellerup;1917;Denmark;Literature;Man;
Karl Alexander Müller;1987;Switzerland;Physics;Man;
Karl Ferdinand Braun;1909;Germany;Physics;Man;
Karl Landsteiner;1930;Austria;Physiology or Medicine;Man;
Karl Manne Siegbahn;1924;Sweden;Physics;Man;
Karl von Frisch;1973;Austria;Physiology or Medicine;Man;
Karl von Frisch;1973;Germany;Physiology or Medicine;Man; born in Austria-Hungary,  now Austria
Karl Ziegler;1963;Germany;Chemistry;Man;
Kary B. Mullis;1993;United States;Chemistry;Man;
Kazuo Ishiguro;2017;Japan;Literature;Man;
Kazuo Ishiguro;2017;United Kingdom;Literature;Man; born in Japan
Kenichi Fukui;1981;Japan;Chemistry;Man;
Kenneth G. Wilson;1982;United States;Physics;Man;
Kenneth J. Arrow;1972;United States;Economics;Man;
Kenzaburō Ōe;1994;Japan;Literature;Man;
Kim Dae-jung;2000;South Korea;Peace;Man;
Kip Thorne;2017;United States;Physics;Man;
Klas Pontus Arnoldson;1908;Sweden;Peace;Man;
Klaus von Klitzing;1985;Germany;Physics;Man;
Knut Hamsun;1920;Norway;Literature;Man;
Kofi Annan;2001;Ghana;Peace;Man;
Koichi Tanaka;2002;Japan;Chemistry;Man;
Konrad Bloch;1964;Germany;Physiology or Medicine;Man;
Konrad Bloch;1964;United States;Physiology or Medicine;Man; born in then Germany,  now Poland
Konrad Lorenz;1973;Austria;Physiology or Medicine;Man;
Konstantin Novoselov;2010;Russia and Soviet Union;Physics;Man;
Konstantin Novoselov;2010;United Kingdom;Physics;Man; born in Russia
Kurt Alder;1950;Germany;Chemistry;Man;
Kurt Wüthrich;2002;Switzerland;Chemistry;Man;
Lars Onsager;1968;Norway;Chemistry;Man;
Lars Onsager;1968;United States;Chemistry;Man; born in Norway
Lars Peter Hansen;2013;United States;Economics;Man;
Lawrence R. Klein;1980;United States;Economics;Man;
Lê Đức Thọ;1973;Vietnam;Peace;Man; born in French Indochina, (declined)
Lech Wałęsa;1983;Poland;Peace;Man; born in Popowo,  Reichsgau Danzig-West Prussia,  Germany (today in Poland)
Leland H. Hartwell;2001;United States;Physiology or Medicine;Man;
Leo Esaki;1973;Japan;Physics;Man;
Léon Bourgeois;1920;France;Peace;Man;
Léon Jouhaux;1951;France;Peace;Man;
Leon M. Lederman;1988;United States;Physics;Man;
Leon N. Cooper;1972;United States;Physics;Man;
Leonid Hurwicz;2007;Poland;Economics;Man; born in then Russian Republic (now Russia)
Leonid Hurwicz;2007;Russia and Soviet Union;Economics;Man;
Leonid Hurwicz;2007;United States;Economics;Man; born in Russia
Leonid Kantorovich;1975;Russia and Soviet Union;Economics;Man;
Leopold Ružička;1939;Croatia;Chemistry;Man; Ethnic Croat and national born in the Kingdom of Croatia-Slavonia,  Austro-Hungarian Empire (now Croatia)
Leopold Ružička;1939;Switzerland;Chemistry;Man; born in Kingdom of Croatia-Slavonia,  Austria-Hungary,  now Croatia
Lester B. Pearson;1957;Canada;Peace;Man;
Lev Landau;1962;Russia and Soviet Union;Physics;Man; born in then Russian Empire,  now Azerbaijan,  laureate when citizen of the Soviet Union
Leymah Gbowee;2011;Liberia;Peace;Woman;
Linda B. Buck;2004;United States;Physiology or Medicine;Woman;
Linus C. Pauling;1954;United States;Chemistry;Man;
Linus C. Pauling;1962;United States;Peace;Man;
Liu Xiaobo;2010;China, People's Republic of;Peace;Man;
Lloyd S. Shapley;2012;United States;Economics;Man;
Louis de Broglie;1929;France;Physics;Man;
Louis J. Ignarro;1998;United States;Physiology or Medicine;Man;
Louis Néel;1970;France;Physics;Man;
Louis Renault;1907;France;Peace;Man;
Luc Montagnier;2008;France;Physiology or Medicine;Man;
Ludwig Quidde;1927;Germany;Peace;Man;
Luigi Pirandello;1934;Italy;Literature;Man;
Luis Alvarez;1968;United States;Physics;Man;
Luis Federico Leloir;1970;Argentina;Chemistry;Man;
Luis Federico Leloir;1970;France;Chemistry;Man;
M. Stanley Whittingham;2019;United Kingdom;Chemistry;Man;
M. Stanley Whittingham;2019;United States;Chemistry;Man; born in United Kingdom
Mairead Maguire;1976;Ireland;Peace;Woman;Born in North Ireland, part of the UK
Mairead Maguire;1976;United Kingdom;Peace;Woman;Born in North Ireland, part of the UK
Makoto Kobayashi;2008;Japan;Physics;Man;
Malala Yousafzai;2014;Pakistan;Peace;Woman;
Manfred Eigen;1967;Germany;Chemistry;Man;
Maria Goeppert-Mayer;1963;Germany;Physics;Woman;Born in then Germany, worked in the US
Maria Goeppert-Mayer;1963;United States;Physics;Woman;Born in then Germany, worked in the US
Marie Skłodowska-Curie;1903;France;Physics;Woman;Born in Congress Poland, worked in France
Marie Skłodowska-Curie;1903;Poland;Physics;Woman;Born in Congress Poland, worked in France
Marie Skłodowska-Curie;1911;France;Chemistry;Woman;Born in Congress Poland, worked in France
Marie Skłodowska-Curie;1911;Poland;Chemistry;Woman;Born in Congress Poland, worked in France
Mario J. Molina;1995;United States;Chemistry;Man; born in Mexico
Mario J. Molina;1995;Mexico;Chemistry;Man;
Mario R. Capecchi;2007;Italy;Physiology or Medicine;Man;
Mario R. Capecchi;2007;United States;Physiology or Medicine;Man; born in Italy
Mario Vargas Llosa;2010;Peru;Literature;Man;
Mario Vargas Llosa;2010;Spain;Literature;Man; born in Peru
Marshall Warren Nirenberg;1968;United States;Physiology or Medicine;Man;
Martin Chalfie;2008;United States;Chemistry;Man;
Martin Karplus;2013;Austria;Chemistry;Man;
Martin Karplus;2013;United States;Chemistry;Man; born in Austria
Martin L. Perl;1995;United States;Physics;Man;
Martin Luther King Jr.;1964;United States;Peace;Man;
Martin Rodbell;1994;United States;Physiology or Medicine;Man;
Martin Ryle;1974;United Kingdom;Physics;Man;
Martinus J. G. Veltman;1999;Netherlands;Physics;Man;
Martti Ahtisaari;2008;Finland;Peace;Man;
Masatoshi Koshiba;2002;Japan;Physics;Man;
Maurice Allais;1988;France;Economics;Man;
Maurice Maeterlinck;1911;Belgium;Literature;Man;
Maurice Wilkins;1962;New Zealand;Physiology or Medicine;Man;
Maurice Wilkins;1962;United Kingdom;Physiology or Medicine;Man; born in New Zealand
Max Born;1954;Germany;Physics;Man;
Max Born;1954;United Kingdom;Physics;Man; born in then Germany,  now Poland
Max Delbrück;1969;Germany;Physiology or Medicine;Man;
Max Delbrück;1969;United States;Physiology or Medicine;Man; born in Germany
Max Karl Ernst Ludwig Planck;1918;Germany;Physics;Man;
Max Perutz;1962;Austria;Chemistry;Man;
Max Perutz;1962;United Kingdom;Chemistry;Man; born in Austria
Max Theiler;1951;South Africa;Physiology or Medicine;Man;
Max von Laue;1914;Germany;Physics;Man;
May-Britt Moser;2014;Norway;Physiology or Medicine;Woman;
Médecins Sans Frontières;1999;France;Peace;Organization;
Melvin Calvin;1961;United States;Chemistry;Man;
Melvin Schwartz;1988;United States;Physics;Man;
Menachem Begin;1978;Israel;Peace;Man; born in Russia,  now Belarus
Menachem Begin;1978;Poland;Peace;Man; as an Israeli citizen,  he also had Polish citizenship
Menachem Begin;1978;Russia and Soviet Union;Peace;Man; as an Israeli citizen
Merton H. Miller;1990;United States;Economics;Man;
Michael Kremer;2019;United States;Economics;Man;
Michael Levitt;2013;Israel;Chemistry;Man; born in South Africa
Michael Levitt;2013;South Africa;Chemistry;Man;
Michael Levitt;2013;United Kingdom;Chemistry;Man; born in South Africa
Michael Levitt;2013;United States;Chemistry;Man; born in South Africa
Michael Rosbash;2017;United States;Physiology or Medicine;Man;
Michael S. Brown;1985;United States;Physiology or Medicine;Man;
Michael Smith;1993;Canada;Chemistry;Man; born in the United Kingdom
Michael Smith;1993;United Kingdom;Chemistry;Man;
Michael W. Young;2017;United States;Physiology or Medicine;Man;
Michel Mayor;2019;Switzerland;Physics;Man;
Miguel Ángel Asturias;1967;Guatemala;Literature;Man;
Mikhail Gorbachev;1990;Russia and Soviet Union;Peace;Man;
Mikhail Sholokhov;1965;Russia and Soviet Union;Literature;Man;
Milton Friedman;1976;United States;Economics;Man;
Mo Yan;2012;China, People's Republic of;Literature;Man;
Mohamed ElBaradei;2005;Egypt;Peace;Man;
Mother Teresa;1979;India;Peace;Woman;Born in then Ottoman Empire (now North Macedonia), worked in India
Mother Teresa;1979;North Macedonia;Peace;Woman;Born in then Ottoman Empire (now North Macedonia), worked in India
Muhammad Yunus;2006;Bangladesh;Peace;Man;
Murray Gell-Mann;1969;United States;Physics;Man;
Myron Scholes;1997;Canada;Economics;Man;
Myron Scholes;1997;United States;Economics;Man; born in Canada
Nadia Murad;2018;Iraq;Peace;Woman;
Nadine Gordimer;1991;South Africa;Literature;Woman;
Naguib Mahfouz;1988;Egypt;Literature;Man;
Nathan Söderblom;1930;Sweden;Peace;Man;
Nelly Sachs;1966;Germany;Literature;Woman;Born in Germany, worked in Sweden
Nelly Sachs;1966;Sweden;Literature;Woman;Born in Germany, worked in Sweden
Nelson Mandela;1993;South Africa;Peace;Man;
Nevill Francis Mott;1977;United Kingdom;Physics;Man;
Nicholas M. Butler;1931;United States;Peace;Man;
Nicolaas Bloembergen;1981;Netherlands;Physics;Man;
Nicolaas Bloembergen;1981;United States;Physics;Man; born in the Netherlands
Niels Bohr;1922;Denmark;Physics;Man;
Niels Kaj Jerne;1984;Denmark;Physiology or Medicine;Man; born in United Kingdom
Niels Kaj Jerne;1984;United Kingdom;Physiology or Medicine;Man;
Niels Ryberg Finsen;1903;Denmark;Physiology or Medicine;Man; born in Faroe Islands
Niels Ryberg Finsen;1903;Faroe Islands;Physiology or Medicine;Man;
Nikolaas Tinbergen;1973;Netherlands;Physiology or Medicine;Man;
Nikolaas Tinbergen;1973;United Kingdom;Physiology or Medicine;Man; born in the Netherlands
Nikolay Basov;1964;Russia and Soviet Union;Physics;Man;
Nikolay Semyonov;1956;Russia and Soviet Union;Chemistry;Man;
Norman Angell;1933;United Kingdom;Peace;Man;
Norman Borlaug;1970;United States;Peace;Man;
Norman F. Ramsey;1989;United States;Physics;Man;
Norman Haworth;1937;United Kingdom;Chemistry;Man;
Octavio Paz Lozano;1990;Mexico;Literature;Man;
Odd Hassel;1969;Norway;Chemistry;Man;
Odysseas Elytis;1979;Greece;Literature;Man;
Olga Tokarczuk;2018;Poland;Literature;Woman;
Oliver Eaton Williamson;2009;United States;Economics;Man;
Oliver Hart;2016;United Kingdom;Economics;Man;
Oliver Hart;2016;United States;Economics;Man; born in United Kingdom
Oliver Smithies;2007;United Kingdom;Physiology or Medicine;Man;
Oliver Smithies;2007;United States;Physiology or Medicine;Man; born in United Kingdom
Organisation for the Prohibition of Chemical Weapons;2013;Netherlands;Peace;Organization;
Orhan Pamuk;2006;Turkey;Literature;Man;
Osamu Shimomura;2008;Japan;Chemistry;Man;
Osamu Shimomura;2008;United States;Chemistry;Man; Japanese citizenship 
Óscar Arias Sánchez;1987;Costa Rica;Peace;Man;
Otto Diels;1950;Germany;Chemistry;Man;
Otto Fritz Meyerhof;1922;Germany;Physiology or Medicine;Man;
Otto Hahn;1944;Germany;Chemistry;Man;
Otto Heinrich Warburg;1931;Germany;Physiology or Medicine;Man;
Otto Loewi;1936;Austria;Physiology or Medicine;Man; born in Germany
Otto Loewi;1936;Germany;Physiology or Medicine;Man;
Otto Stern;1943;Germany;Physics;Man;
Otto Stern;1943;United States;Physics;Man; born in then Germany,  now Poland
Otto Wallach;1910;Germany;Chemistry;Man;
Owen Chamberlain;1959;United States;Physics;Man;
Owen Willans Richardson;1928;United Kingdom;Physics;Man;
Pablo Neruda;1971;Chile;Literature;Man;
Pär Lagerkvist;1951;Sweden;Literature;Man;
Patrick Blackett;1948;United Kingdom;Physics;Man; Baron Blackett
Patrick Modiano;2014;France;Literature;Man;
Patrick White;1973;Australia;Literature;Man; born in the United Kingdom
Patrick White;1973;United Kingdom;Literature;Man;
Paul A. Samuelson;1970;United States;Economics;Man;
Paul Berg;1980;United States;Chemistry;Man;
Paul C. Lauterbur;2003;United States;Physiology or Medicine;Man;
Paul D. Boyer;1997;United States;Chemistry;Man;
Paul Dirac;1933;United Kingdom;Physics;Man;
Paul Ehrlich;1908;Germany;Physiology or Medicine;Man;
Paul Greengard;2000;United States;Physiology or Medicine;Man;
Paul Hermann Müller;1948;Switzerland;Physiology or Medicine;Man;
Paul J. Crutzen;1995;Germany;Chemistry;Man;
Paul J. Crutzen;1995;Netherlands;Chemistry;Man;
Paul J. Flory;1974;United States;Chemistry;Man;
Paul Johann Ludwig Heyse;1910;Germany;Literature;Man;
Paul Karrer;1937;Switzerland;Chemistry;Man;
Paul Krugman;2008;United States;Economics;Man;
Paul L. Modrich;2015;United States;Chemistry;Man;
Paul Nurse;2001;United Kingdom;Physiology or Medicine;Man;
Paul Romer;2018;United States;Economics;Man;
Paul Sabatier;1912;France;Chemistry;Man;
Paul-Henri-Benjamin d'Estournelles de Constant;1909;France;Peace;Man;
Pavel Cherenkov;1958;Russia and Soviet Union;Physics;Man;
Pearl S. Buck;1938;United States;Literature;Woman;
Percy W. Bridgman;1946;United States;Physics;Man;
Peter A. Diamond;2010;United States;Economics;Man;
Peter Agre;2003;United States;Chemistry;Man;
Peter C. Doherty;1996;Australia;Physiology or Medicine;Man;
Peter D. Mitchell;1978;United Kingdom;Chemistry;Man;
Peter Debye;1936;Netherlands;Chemistry;Man;
Peter Grünberg;2007;Czech Republic;Physics;Man; born in the Protectorate of Bohemia and Moravia,  now Czech Republic
Peter Grünberg;2007;Germany;Physics;Man; born in the Protectorate of Bohemia and Moravia,  now the Czech Republic
Peter Handke;2019;Austria;Literature;Man;
Peter Higgs;2013;United Kingdom;Physics;Man;
Peter J. Ratcliffe;2019;United Kingdom;Physiology or Medicine;Man;
Peter Mansfield;2003;United Kingdom;Physiology or Medicine;Man;
Peter Medawar;1960;Brazil;Physiology or Medicine;Man;
Peter Medawar;1960;United Kingdom;Physiology or Medicine;Man; born in Brazil
Philip Anderson;1977;United States;Physics;Man;
Philip Noel-Baker;1959;United Kingdom;Peace;Man;
Philip S. Hench;1950;United States;Physiology or Medicine;Man;
Philipp Lenard;1905;Germany;Physics;Man; born in Pressburg,  Kingdom of Hungary,  Austrian Empire,  now Slovakia
Philipp Lenard;1905;Hungary;Physics;Man;
Phillip A. Sharp;1993;United States;Physiology or Medicine;Man;
Pierre Curie;1903;France;Physics;Man;
Pierre-Gilles de Gennes;1991;France;Physics;Man;
Pieter Zeeman;1902;Netherlands;Physics;Man;
Polykarp Kusch;1955;Germany;Physics;Man;
Polykarp Kusch;1955;United States;Physics;Man; born in Germany
Pugwash Conferences on Science and World Affairs;1995;Canada;Peace;Organization;
Pyotr Kapitsa;1978;Russia and Soviet Union;Physics;Man;
Rabindranath Tagore;1913;India;Literature;Man;
Ragnar Frisch;1969;Norway;Economics;Man;
Ragnar Granit;1967;Finland;Physiology or Medicine;Man; born in the Grand Duchy of Finland,  a part of the Russian Empire in 1809–1917
Ragnar Granit;1967;Sweden;Physiology or Medicine;Man; born in the Grand Duchy of Finland,  then a part of Russia
Rainer Weiss;2017;Germany;Physics;Man;
Rainer Weiss;2017;United States;Physics;Man; born in Germany
Ralph J. Bunche;1950;United States;Peace;Man;
Ralph M. Steinman;2011;Canada;Physiology or Medicine;Man;
Ralph M. Steinman;2011;United States;Physiology or Medicine;Man; born in Canada
Randy Schekman;2013;United States;Physiology or Medicine;Man;
Raymond Davis Jr.;2002;United States;Physics;Man;
Reinhard Selten;1994;Germany;Economics;Man;
Renato Dulbecco;1975;Italy;Physiology or Medicine;Man;
Renato Dulbecco;1975;United States;Physiology or Medicine;Man; born in Italy
René Cassin;1968;France;Peace;Man;
Riccardo Giacconi;2002;Italy;Physics;Man;
Riccardo Giacconi;2002;United States;Physics;Man; born in Italy
Richard Adolf Zsigmondy;1925;Austria;Chemistry;Man;
Richard Adolf Zsigmondy;1925;Hungary;Chemistry;Man;
Richard Axel;2004;United States;Physiology or Medicine;Man;
Richard E. Smalley;1996;United States;Chemistry;Man;
Richard E. Taylor;1990;Canada;Physics;Man;
Richard F. Heck;2010;United States;Chemistry;Man;
Richard H. Thaler;2017;United States;Economics;Man;
Richard Henderson;2017;United Kingdom;Chemistry;Man;
Richard J. Roberts;1993;United Kingdom;Physiology or Medicine;Man;
Richard Kuhn;1938;Austria;Chemistry;Man;
Richard Kuhn;1938;Germany;Chemistry;Man; born in Austria-Hungary,  now Austria
Richard Laurence Millington Synge;1952;United Kingdom;Chemistry;Man;
Richard P. Feynman;1965;United States;Physics;Man;
Richard R. Ernst;1991;Switzerland;Chemistry;Man;
Richard R. Schrock;2005;United States;Chemistry;Man;
Richard Stone;1984;United Kingdom;Economics;Man;
Richard Willstätter;1915;Germany;Chemistry;Man;
Rigoberta Menchú;1992;Guatemala;Peace;Woman;
Rita Levi-Montalcini;1986;Italy;Physiology or Medicine;Woman;Born in Italy, worked in the US
Rita Levi-Montalcini;1986;United States;Physiology or Medicine;Woman;Born in Italy, worked in the US
Roald Hoffmann;1981;Poland;Chemistry;Man; born in Złoczów Poland (now in Ukraine)
Roald Hoffmann;1981;Ukraine;Chemistry;Man; born in then Poland (Second Polish Republic),  now Ukraine
Roald Hoffmann;1981;United States;Chemistry;Man; born in then Poland,  now Ukraine
Robert A. Millikan;1923;United States;Physics;Man;
Robert Aumann;2005;Israel;Economics;Man; born in Germany,  moved to Israel from America
Robert Aumann;2005;United States;Economics;Man; as an Israeli citizen
Robert B. Laughlin;1998;United States;Physics;Man;
Robert B. Woodward;1965;United States;Chemistry;Man;
Róbert Bárány;1914;Austria;Physiology or Medicine;Man;
Róbert Bárány;1914;Hungary;Physiology or Medicine;Man; born in Austria
Robert C. Merton;1997;United States;Economics;Man;
Robert C. Richardson;1996;United States;Physics;Man;
Robert Cecil;1937;United Kingdom;Peace;Man; 1st Viscount Cecil of Chelwood
Robert F. Curl Jr.;1996;United States;Chemistry;Man;
Robert F. Engle;2003;United States;Economics;Man;
Robert F. Furchgott;1998;United States;Physiology or Medicine;Man;
Robert G. Edwards;2010;United Kingdom;Physiology or Medicine;Man;
Robert H. Grubbs;2005;United States;Chemistry;Man;
Robert Hofstadter;1961;United States;Physics;Man;
Robert Huber;1988;Germany;Chemistry;Man;
Robert J. Lefkowitz;2012;United States;Chemistry;Man;
Robert J. Shiller;2013;United States;Economics;Man;
Robert Koch;1905;Germany;Physiology or Medicine;Man;
Robert Lucas Jr.;1995;United States;Economics;Man;
Robert M. Solow;1987;United States;Economics;Man;
Robert Mundell;1999;Canada;Economics;Man;
Robert Robinson;1947;United Kingdom;Chemistry;Man;
Robert S. Mulliken;1966;United States;Chemistry;Man;
Robert Schrieffer;1972;United States;Physics;Man;
Robert W. Fogel;1993;United States;Economics;Man;
Robert W. Holley;1968;United States;Physiology or Medicine;Man;
Robert Woodrow Wilson;1978;United States;Physics;Man;
Roderick MacKinnon;2003;United States;Chemistry;Man;
Rodney Robert Porter;1972;United Kingdom;Physiology or Medicine;Man;
Roger B. Myerson;2007;United States;Economics;Man;
Roger D. Kornberg;2006;United States;Chemistry;Man;
Roger Guillemin;1977;France;Physiology or Medicine;Man;
Roger Guillemin;1977;United States;Physiology or Medicine;Man; born in France
Roger Martin du Gard;1937;France;Literature;Man;
Roger W. Sperry;1981;United States;Physiology or Medicine;Man;
Roger Yonchien Tsien;2008;United States;Chemistry;Man;
Rolf M. Zinkernagel;1996;Switzerland;Physiology or Medicine;Man;
Rolf Zinkernagel;1996;Australia;Physiology or Medicine;Man;
Romain Rolland;1915;France;Literature;Man;
Ronald Coase;1991;United Kingdom;Economics;Man; based in the United States
Ronald Coase;1991;United States;Economics;Man; born in the United Kingdom
Ronald George Wreyford Norrish;1967;United Kingdom;Chemistry;Man;
Ronald Ross;1902;India;Physiology or Medicine;Man;
Ronald Ross;1902;United Kingdom;Physiology or Medicine;Man; born in India
Rosalyn Sussman Yalow;1977;United States;Physiology or Medicine;Woman;
Roy J. Glauber;2005;United States;Physics;Man;
Rudolf Christoph Eucken;1908;Germany;Literature;Man;
Rudolf Mössbauer;1961;Germany;Physics;Man;
Rudolph A. Marcus;1992;Canada;Chemistry;Man;
Rudolph A. Marcus;1992;United States;Chemistry;Man; born in Canada
Rudyard Kipling;1907;India;Literature;Man;
Rudyard Kipling;1907;United Kingdom;Literature;Man; born in India
Russell A. Hulse;1993;United States;Physics;Man;
Ryōji Noyori;2001;Japan;Chemistry;Man;
Saint-John Perse;1960;France;Literature;Man;
Salvador Luria;1969;Italy;Physiology or Medicine;Man;
Salvador Luria;1969;United States;Physiology or Medicine;Man; born in Italy
Salvatore Quasimodo;1959;Italy;Literature;Man;
Samuel Beckett;1969;Ireland;Literature;Man;
Samuel C. C. Ting;1976;Taiwan (China, Republic of);Physics;Man;
Samuel C. C. Ting;1976;United States;Physics;Man;
Santiago Ramón y Cajal;1906;Spain;Physiology or Medicine;Man;
Satoshi Ōmura;2015;Japan;Physiology or Medicine;Man;
Saul Bellow;1976;Canada;Literature;Man;
Saul Bellow;1976;United States;Literature;Man; born in Canada
Saul Perlmutter;2011;United States;Physics;Man;
Séamus Heaney;1995;Ireland;Literature;Man;
Seán MacBride;1974;France;Peace;Man;
Seán MacBride;1974;Ireland;Peace;Man; born in France
Selma Lagerlöf;1909;Sweden;Literature;Woman;
Selman A. Waksman;1952;Ukraine;Physiology or Medicine;Man;
Selman A. Waksman;1952;United States;Physiology or Medicine;Man; born in then Russian Empire,  now Ukraine
Serge Haroche;2012;France;Physics;Man; born in Morocco,  then under French protectorate
Severo Ochoa;1959;Spain;Physiology or Medicine;Man;
Severo Ochoa;1959;United States;Physiology or Medicine;Man; born in Spain
Sheldon Glashow;1979;United States;Physics;Man;
Shimon Peres;1994;Israel;Peace;Man; born in Poland,  now Belarus
Shimon Peres;1994;Poland;Peace;Man; as an Israeli citizen
Shinya Yamanaka;2012;Japan;Physiology or Medicine;Man;
Shirin Ebadi;2003;Iran;Peace;Woman;
Shmuel Yosef Agnon;1966;Israel;Literature;Man; born in Austria-Hungary,  now Ukraine
Shmuel Yosef Agnon;1966;Ukraine;Literature;Man;
Shuji Nakamura;2014;Japan;Physics;Man;
Shuji Nakamura;2014;United States;Physics;Man; born in Japan
Sidney Altman;1989;Canada;Chemistry;Man;
Sidney Altman;1989;United States;Chemistry;Man; born in Canada
Sigrid Undset;1928;Norway;Literature;Woman;
Simon Kuznets;1971;Russia and Soviet Union;Economics;Man; now Belarus
Simon Kuznets;1971;United States;Economics;Man; born in then Russia,  now Belarus
Simon van der Meer;1984;Netherlands;Physics;Man;
Sinclair Lewis;1930;United States;Literature;Man;
Sin-Itiro Tomonaga;1965;Japan;Physics;Man;
Sir Frank Macfarlane Burnet;1960;Australia;Physiology or Medicine;Man;
Sir Martin J. Evans;2007;United Kingdom;Physiology or Medicine;Man;
Stanford Moore;1972;United States;Chemistry;Man;
Stanley B. Prusiner;1997;United States;Physiology or Medicine;Man;
Stanley Cohen;1986;United States;Physiology or Medicine;Man;
Stefan Hell;2014;Germany;Chemistry;Man; born in Romania
Stefan Hell;2014;Romania;Chemistry;Man;
Steven Chu;1997;United States;Physics;Man;
Steven Weinberg;1979;United States;Physics;Man;
Subrahmanyan Chandrasekhar;1983;India;Physics;Man;
Subrahmanyan Chandrasekhar;1983;United States;Physics;Man; born in India
Sully Prudhomme;1901;France;Literature;Man;
Sune Bergström;1982;Sweden;Physiology or Medicine;Man;
Susumu Tonegawa;1987;Japan;Physiology or Medicine;Man;
Svante Arrhenius;1903;Sweden;Chemistry;Man;
Svetlana Alexievich;2015;Belarus;Literature;Woman;Born in Ukraine, worked in Belarus
Svetlana Alexievich;2015;Ukraine;Literature;Woman;Born in Ukraine, worked in Belarus
Sydney Brenner;2002;South Africa;Physiology or Medicine;Man;
Sydney Brenner;2002;United Kingdom;Physiology or Medicine;Man; born in South Africa
Sydney Brenner;2002;United States;Physiology or Medicine;Man; born in South Africa
T. S. Eliot;1948;United Kingdom;Literature;Man; born in the United States
T. S. Eliot;1948;United States;Literature;Man;
Tadeusz Reichstein;1950;Poland;Physiology or Medicine;Man; born in Congress Poland (Russian Empire)
Tadeusz Reichstein;1950;Switzerland;Physiology or Medicine;Man;
Takaaki Kajita;2015;Japan;Physics;Man;
Tasuku Honjo;2018;Japan;Physiology or Medicine;Man;
Tawakkol Karman;2011;Yemen;Peace;Woman;
Theodor Kocher;1909;Switzerland;Physiology or Medicine;Man;
Theodor Mommsen;1902;Germany;Literature;Man; born in Duchy of Schleswig
Theodor Svedberg;1926;Sweden;Chemistry;Man;
Theodor W. Hänsch;2005;Germany;Physics;Man;
Theodore Roosevelt;1906;United States;Peace;Man;
Theodore Schultz;1979;United States;Economics;Man;
Theodore W. Richards;1914;United States;Chemistry;Man;
Thomas A. Steitz;2009;United States;Chemistry;Man;
Thomas C. Südhof;2013;Germany;Physiology or Medicine;Man;
Thomas C. Südhof;2013;United States;Physiology or Medicine;Man; born in Germany
Thomas H. Morgan;1933;United States;Physiology or Medicine;Man;
Thomas H. Weller;1954;United States;Physiology or Medicine;Man;
Thomas J. Sargent;2011;United States;Economics;Man;
Thomas Mann;1929;Germany;Literature;Man;
Thomas R. Cech;1989;United States;Chemistry;Man;
Thomas Schelling;2005;United States;Economics;Man;
Tim Hunt;2001;United Kingdom;Physiology or Medicine;Man;
Tjalling C. Koopmans;1975;Netherlands;Economics;Man;
Tjalling C. Koopmans;1975;United States;Economics;Man; born in the Netherlands
Tobias Asser;1911;Netherlands;Peace;Man;
Tomas Lindahl;2015;Sweden;Chemistry;Man;
Tomas Lindahl;2015;United Kingdom;Chemistry;Man; born in Sweden
Tomas Tranströmer;2011;Sweden;Literature;Man;
Toni Morrison;1993;United States;Literature;Woman;
Torsten Wiesel;1981;Sweden;Physiology or Medicine;Man;
Toshihide Maskawa;2008;Japan;Physics;Man;
Trygve Haavelmo;1989;Norway;Economics;Man;
Tsung-Dao Lee;1957;China, Republic of;Physics;Man;
Tsung-Dao Lee;1957;United States;Physics;Man; born in China
Tu Youyou;2015;China, People's Republic of;Physiology or Medicine;Woman;
Tunisian National Dialogue Quartet;2015;Tunisia;Peace;Organization;
Ulf von Euler;1970;Sweden;Physiology or Medicine;Man;
V. S. Naipaul;2001;Trinidad and Tobago;Literature;Man;
V. S. Naipaul;2001;United Kingdom;Literature;Man; born in Trinidad
Val Fitch;1980;United States;Physics;Man;
Venkatraman Ramakrishnan;2009;India;Chemistry;Man;
Venkatraman Ramakrishnan;2009;United States;Chemistry;Man; born in India
Vernon L. Smith;2002;United States;Economics;Man;
Vicente Aleixandre;1977;Spain;Literature;Man;
Victor Francis Hess;1936;Austria;Physics;Man;
Victor Grignard;1912;France;Chemistry;Man;
Vincent du Vigneaud;1955;United States;Chemistry;Man;
Vitaly Ginzburg;2003;Russia and Soviet Union;Physics;Man;
Vladimir Prelog;1975;Bosnia and Herzegovina;Chemistry;Man; Ethnic Croat and national born in Condominium of Bosnia and Herzegovina,  Austro-Hungarian Empire (now Bosnia and Herzegovina)
Vladimir Prelog;1975;Croatia;Chemistry;Man; Ethnic Croat and national born in Condominium of Bosnia and Herzegovina,  Austro-Hungarian Empire (now Bosnia and Herzegovina)
Vladimir Prelog;1975;Switzerland;Chemistry;Man; born in Austria-Hungary,  now Bosnia-Herzegovina
W. Arthur Lewis;1979;Saint Lucia;Economics;Man;
W. Arthur Lewis;1979;United Kingdom;Economics;Man; Born on St.  Lucia
W. B. Yeats;1923;Ireland;Literature;Man;
Walter Gilbert;1980;United States;Chemistry;Man;
Walter H. Brattain;1956;United States;Physics;Man; Born in China
Walter Kohn;1998;Austria;Chemistry;Man;
Walter Kohn;1998;United States;Chemistry;Man; Born in Austria
Walter Rudolf Hess;1949;Switzerland;Physiology or Medicine;Man;
Walther Bothe;1954;Germany;Physics;Man;
Walther Nernst;1920;Germany;Chemistry;Man;
Wangari Maathai;2004;Kenya;Peace;Woman;
Wassily Leontief;1973;United States;Economics;Man; Born in Germany
Wendell M. Stanley;1946;United States;Chemistry;Man;
Werner Arber;1978;Switzerland;Physiology or Medicine;Man;
Werner Forssmann;1956;Germany;Physiology or Medicine;Man;
Werner Karl Heisenberg;1932;Germany;Physics;Man;
Wilhelm Conrad Röntgen;1901;Germany;Physics;Man;
Wilhelm Ostwald;1909;Germany;Chemistry;Man; Born in Russia,  now Latvia
Wilhelm Wien;1911;Germany;Physics;Man;
Willard F. Libby;1960;United States;Chemistry;Man;
Willard S. Boyle;2009;Canada;Physics;Man;
Willard S. Boyle;2009;United States;Physics;Man; Born in Canada
Willem Einthoven;1924;Netherlands;Physiology or Medicine;Man;
William A. Fowler;1983;United States;Physics;Man;
William B. Shockley;1956;United States;Physics;Man;
William C. Campbell;2015;Ireland;Physiology or Medicine;Man;
William C. Campbell;2015;United States;Physiology or Medicine;Man; Born in Ireland
William D. Phillips;1997;United States;Physics;Man;
William E. Moerner;2014;United States;Chemistry;Man;
William F. Sharpe;1990;United States;Economics;Man;
William Faulkner;1949;United States;Literature;Man;
William Giauque;1949;Canada;Chemistry;Man;
William Giauque;1949;United States;Chemistry;Man; Born in Canada
William Golding;1983;United Kingdom;Literature;Man;
William H. Stein;1972;United States;Chemistry;Man;
William Henry Bragg;1915;United Kingdom;Physics;Man;
William Kaelin Jr.;2019;United States;Physiology or Medicine;Man;
William Lawrence Bragg;1915;Australia;Physics;Man;
William Lawrence Bragg;1915;United Kingdom;Physics;Man; Born in Australia
William Lipscomb;1976;United States;Chemistry;Man;
William Nordhaus;2018;United States;Economics;Man;
William P. Murphy;1934;United States;Physiology or Medicine;Man;
William Ramsay;1904;United Kingdom;Chemistry;Man;
William Randal Cremer;1903;United Kingdom;Peace;Man;
William S. Knowles;2001;United States;Chemistry;Man;
William Vickrey;1996;Canada;Economics;Man;
William Vickrey;1996;United States;Economics;Man; Born in Canada
Willis E. Lamb;1955;United States;Physics;Man;
Willy Brandt;1971;Germany;Peace;Man;
Winston Churchill;1953;United Kingdom;Literature;Man;
Wisława Szymborska;1996;Poland;Literature;Woman;
Władysław Reymont;1924;Poland;Literature;Man; Born in Congress Poland (Russian Empire)
Władysław Reymont;1924;Russia and Soviet Union;Literature;Man; Born in Congress Poland (Russian Empire)
Wole Soyinka;1986;Nigeria;Literature;Man;
Wolfgang Ketterle;2001;Germany;Physics;Man;
Wolfgang Paul;1989;Germany;Physics;Man;
Wolfgang Pauli;1945;Austria;Physics;Man;
Woodrow Wilson;1919;United States;Peace;Man;
Yasser Arafat;1994;Palestine;Peace;Man; Born in Cairo,  Egypt
Yasunari Kawabata;1968;Japan;Literature;Man;
Yitzhak Rabin;1994;Israel;Peace;Man;
Yoichiro Nambu;2008;Japan;Physics;Man;
Yoichiro Nambu;2008;United States;Physics;Man; Born in Japan
Yoshinori Ohsumi;2016;Japan;Physiology or Medicine;Man;
Yuan T. Lee;1986;Taiwan (China, Republic of);Chemistry;Man;
Yuan T. Lee;1986;United States;Chemistry;Man; Born in Taiwan
Yves Chauvin;2005;France;Chemistry;Man;
Zhores Alferov;2000;Belarus;Physics;Man;
Zhores Alferov;2000;Russia and Soviet Union;Physics;Man; Born in then Soviet Union,  now Belarus
